
-- Grupo Artístico

INSERT INTO GRUPO_ARTISTICO
VALUES('TRABSONDEBD', 'ESSE GRUPO MERECE 10', NULL, 'INSTAGRAM.COM/TRABSONDEBD',
NULL, 'TRABSONDEBD@TRAB.COM', '2', 'FOTODOGRUPOTRABSON');

INSERT INTO GRUPO_ARTISTICO
VALUES('BDTRABES', 'ESSE GRUPO TAMBÉM MERECE 10, NÉ ELAINE', 'FACEBOOK.COM/BDTRABES', NULL, NULL,
'BDTRABES@TRAB.COM', '2', 'FOTODOGRUPOTRABSON2');

INSERT INTO GRUPO_ARTISTICO
VALUES('IRMAOS CASTRO', 'ESSE GRUPO NÃO', NULL, NULL, NULL, 'IRMAOSCASTRO@TRAB.com'
, '5', 'FOTODOGRUPOIRMAOSCASTRO');

-- Artista

INSERT INTO ARTISTA
VALUES('408.899.458-29', 'PEDRO', 'TRABSONDEBD');

INSERT INTO ARTISTA
VALUES('408.855.457-98', 'MATHEUS', 'TRABSONDEBD');

INSERT INTO ARTISTA
VALUES('508.865.958-24', 'SAMIRA', 'BDTRABES');

INSERT INTO ARTISTA
VALUES('985.654.758-14', 'NETO', 'BDTRABES');

INSERT INTO	ARTISTA
VALUES('958.547.632-21', 'MARCOS CASTRO', 'IRMAOS CASTRO');

-- Tipo Profissao

INSERT INTO TIPO_PROFISSAO
VALUES('408.899.458-29', 'O 10 EM BD');

INSERT INTO TIPO_PROFISSAO
VALUES('408.855.457-98', 'O OUTRO 10 EM BD');

INSERT INTO TIPO_PROFISSAO
VALUES('508.865.958-24', 'NOSSA, MAIS UM 10 EM BD');

INSERT INTO TIPO_PROFISSAO
VALUES('985.654.758-14', 'O ULTIMO 10 EM BD');

INSERT INTO TIPO_PROFISSAO
VALUES('958.547.632-21', 'A JORNADA DO HEROI');

-- Profissao

INSERT INTO PROFISSAO 
VALUES('408.899.458-29', 'PROGRAMADOR');

INSERT INTO PROFISSAO
VALUES('408.855.457-98', 'DESENVOLVEDOR');

INSERT INTO PROFISSAO
VALUES('508.865.958-24', 'ARTISTA');

INSERT INTO PROFISSAO
VALUES('985.654.758-14', 'ARTISTA');

INSERT INTO PROFISSAO
VALUES('958.547.632-21', 'DESENVOLVEDOR');

-- Infraestrutura

INSERT INTO	INFRAESTRUTURA
VALUES('1', 'TRABSONDEBD', 'TOMADA', '13-05-2019');

INSERT INTO INFRAESTRUTURA
VALUES('2', 'BDTRABES', 'EXTENSOR', '13-05-2019');

INSERT INTO INFRAESTRUTURA
VALUES('3', 'IRMAOS CASTRO', 'PAINEL', '14-05-2019');

-- Mesa

INSERT INTO	MESA
VALUES('1', '1');

INSERT INTO	MESA
VALUES('2', '1');

INSERT INTO	MESA
VALUES('3', '3');

--Estande

INSERT INTO	ESTANDE
VALUES('1', '13-05-2019', 'TRABSONDEBD');

INSERT INTO	ESTANDE
VALUES('1', '14-05-2019', 'IRMAOS CASTRO');

INSERT INTO	ESTANDE
VALUES('2', '13-05-2019', 'BDTRABES');

-- Portfolio

INSERT INTO	PORTFOLIO
VALUES('TRABSONDEBD', 'O10EMBD.PNG');

INSERT INTO PORTFOLIO
VALUES('BDTRABES', '10EMBD.JPEG');

INSERT INTO PORTFOLIO
VALUES('IRMAOS CASTRO', 'JORNADA_DO_HEROI.PNG');

-- Produto

INSERT INTO PRODUTO
VALUES('TRABSONDEBD', 'CADEIRA', 'CADEIRA_DO_TRABSON', '50.55', '10', NULL, '13-05-2019');

INSERT INTO PRODUTO
VALUES('BDTRABES', 'CAMISETA', 'CAMISETA_DO_BDTRABES', '10.99', '5', 'M', '13-05-2019');

INSERT INTO PRODUTO
VALUES('IRMAOS CASTRO', 'BLUSA', 'BLUSA_DOS_CASTRO', '99.56', '100', 'XG', '12-05-2019');

INSERT INTO PRODUTO 
VALUES('TRABSONDEBD', 'CANECA', 'CANECA_DO_TRABSON', '05.50', '7', NULL, '14-05-2019');

INSERT INTO PRODUTO
VALUES('BDTRABES', 'CARDIGAN', 'CARDIGAN_BDTRABES', '99.99', '1', 'P', '12-05-2019');

--Visitante

INSERT INTO VISITANTE
VALUES('A1A1A1A1A1', 'JOANA', 'JOANINHA@XP.COM', '111.111.111-11');

INSERT INTO	VISITANTE
VALUES('B2B2B2B2B2', 'MARQUINHOS', 'RELMARQS@CAR.COM', '222.222.222-22');

INSERT INTO VISITANTE
VALUES('C3C3C3C3C3', 'JOAO', 'JOAO123@JOAO.COM', '333.333.333-33');

INSERT INTO	VISITANTE
VALUES('D4D4D4D4D4', 'LUANA', 'LUUUHHH233@GMAIL.COM', '444.444.444-44');

INSERT INTO VISITANTE
VALUES('E5E5E5E5E5', 'CARINA', 'CARROSORIO@OSOOOH.COM', '555.555.555-55');

-- Interacao

INSERT INTO INTERACAO 
VALUES('123', 'BDTRABES', 'A1A1A1A1A1', '14-05-2019', '10:00:00');

INSERT INTO INTERACAO
VALUES('234', 'TRABSONDEBD', 'B2B2B2B2B2', '13-05-2019', '12:00:00');

INSERT INTO INTERACAO
VALUES('345', 'IRMAOS CASTRO', 'C3C3C3C3C3', '14-05-2019', '16:00:00');

INSERT INTO INTERACAO
VALUES('456', 'IRMAOS CASTRO', 'A1A1A1A1A1', '14-05-2019', '12:00:00');

-- Venda

INSERT INTO VENDA
VALUES('123', 'BDTRABES', 'CARDIGAN', 'NOTA_FISCAL_BDTRABES');

INSERT INTO VENDA
VALUES('234', 'TRABSONDEBD', 'CANECA', 'NOTA_FISCAL_TRABSON');

INSERT INTO VENDA
VALUES('456', 'IRMAOS CASTRO', 'BLUSA', 'NOTA_FISCAL_IRMAOSC');

--Evento

INSERT INTO EVENTO
VALUES ('13-05-2019', '13:00:00', 'PALCO PRINCIPAL', 'O APRENDIZADO', 'APRESENTACAO');

INSERT INTO EVENTO
VALUES('12-05-2019', '16:00:00', 'PALCO IRMAOS', 'O JOGO DO HEROI', 'WORKSHOP');

INSERT INTO EVENTO
VALUES('13-05-2019', '14:00:00', 'PALCO PRINCIPAL', 'O 10 EM BD', 'PROVA');

INSERT INTO EVENTO
VALUES('14-05-2019', '18:00:00', 'PALCO JOAOC', 'COMO VIVER BEM','PALESTRA');

INSERT INTO EVENTO
VALUES('12-05-2019', '16:00:00', 'PALCO JOAOC', 'O PINCEL LINDO', 'OFICINA');


-- Realiza

INSERT INTO REALIZA
VALUES('408.899.458-29','13-05-2019' ,'13:00:00', 'PALCO PRINCIPAL');

INSERT INTO REALIZA
VALUES('508.865.958-24', '12-05-2019', '16:00:00', 'PALCO IRMAOS');

INSERT INTO REALIZA
VALUES('985.654.758-14', '12-05-2019', '16:00:00', 'PALCO JOAOC');

INSERT INTO REALIZA
VALUES('408.899.458-29', '13-05-2019', '14:00:00', 'PALCO PRINCIPAL');

-- Oficina

INSERT INTO OFICINA
VALUES('12-05-2019', '16:00:00', 'PALCO JOAOC', 'O PINCEL LINDO');

INSERT INTO OFICINA 
VALUES('12-05-2019', '16:00:00', 'PALCO IRMAOS', 'COMO TRABALHAR COM SEU IRMAO');

INSERT INTO OFICINA
VALUES('13-05-2019' ,'13:00:00', 'PALCO PRINCIPAL', 'AQUARELA OU OLEO SOBRE TELA');

INSERT INTO OFICINA
VALUES('13-05-2019', '14:00:00', 'PALCO PRINCIPAL', 'VAN GOGH: GENIO OU LOUCO');

-- Turma

INSERT INTO TURMA 
VALUES('12-05-2019', '16:00:00', 'PALCO IRMAOS', '777');

INSERT INTO TURMA 
VALUES('12-05-2019', '16:00:00', 'PALCO IRMAOS', '888');

INSERT INTO TURMA 
VALUES('13-05-2019', '14:00:00', 'PALCO PRINCIPAL', '555');

INSERT INTO TURMA 
VALUES('12-05-2019', '16:00:00', 'PALCO JOAOC', '999');

INSERT INTO TURMA 
VALUES('13-05-2019' ,'13:00:00', 'PALCO PRINCIPAL', '101');

-- Matricula

INSERT INTO MATRICULA
VALUES('A1A1A1A1A1','13-05-2019', '14:00:00', 'PALCO PRINCIPAL', '555');

INSERT INTO MATRICULA
VALUES('B2B2B2B2B2', '13-05-2019' ,'13:00:00', 'PALCO PRINCIPAL', '101');

INSERT INTO MATRICULA
VALUES('C3C3C3C3C3', '12-05-2019', '16:00:00', 'PALCO IRMAOS', '777');

INSERT INTO MATRICULA
VALUES('D4D4D4D4D4', '12-05-2019', '16:00:00', 'PALCO IRMAOS', '888');

INSERT INTO MATRICULA
VALUES('E5E5E5E5E5', '12-05-2019', '16:00:00', 'PALCO JOAOC', '999');















